condition	edge	node	clustering.coef	density
Blood.AL	291	75	0.2325062726512406	0.10486486486486486
Blood.CCR	253	71	0.22672064777327935	0.10181086519114689
Blood.ICR	206	64	0.24393723252496433	0.10218253968253968
MFP.AL	270	69	0.2715635476988723	0.11508951406649616
MFP.CCR	268	74	0.29096699478865085	0.09922251018141429
MFP.ICR	268	68	0.2889030612244898	0.11764705882352942
